{
  "project_info": {
    "project_number": "1097434826781",
    "firebase_url": "https://phirsy-161af-default-rtdb.firebaseio.com",
    "project_id": "phirsy-161af",
    "storage_bucket": "phirsy-161af.firebasestorage.app"
  },
  "client": [
    {
      "client_info": {
        "mobilesdk_app_id": "1:1097434826781:android:261d6ac1aabddc579a9ef4",
        "android_client_info": {
          "package_name": "com.example.npp"
        }
      },
      "oauth_client": [
        {
          "client_id": "1097434826781-sespngmv3p64u8pgk3sac5ak61gjh7e7.apps.googleusercontent.com",
          "client_type": 3
        }
      ],
      "api_key": [
        {
          "current_key": "AIzaSyDzJENbewqD0gJ8JqY_DHTEbf-ct1-oXQw"
        }
      ],
      "services": {
        "appinvite_service": {
          "other_platform_oauth_client": [
            {
              "client_id": "1097434826781-sespngmv3p64u8pgk3sac5ak61gjh7e7.apps.googleusercontent.com",
              "client_type": 3
            }
          ]
        }
      }
    }
  ],
  "configuration_version": "1"
}